{"cameraMode":{"drawMode":0,"name":"Shaded","section":"Shading Mode"},"sceneLighting":false,"audioPlay":false,"sceneViewState":{"showFog":true,"showMaterialUpdate":false,"showSkybox":true,"showFlares":true,"showImageEffects":true,"showParticleSystems":true},"in2DMode":false,"pivot":{"x":-2.2300000190734865,"y":-1.5499998331069947,"z":1.8700000047683716},"rotation":{"x":-0.335029274225235,"y":0.134193554520607,"z":-0.04826860874891281,"w":-0.9313526153564453},"size":23.33452606201172,"orthographic":false}